Sample,LabID,Sample.ID,Genetic.Sex,Individual.ID,Pod,Region,MiSeq.run,Population,year,month,day,latitudeN,longitudeW,dom.sp,prey50
52196-128_S7,52196-128,2017SEP13-05,Female,L22,L,WA,2019,SRKW,2017,9,13,48.45379,123.04847,chinook,chinook
52196-156_S9,52196-156,2017SEP19-10,Female,J35,J,WA,2019,SRKW,2017,9,19,47.88268,122.37001,coho,coho
52196-157_S19,52196-157,2017SEP19-12A,Female,J35,J,WA,2019,SRKW,2017,9,19,47.88801,122.37806,coho,coho
52196-158_S31,52196-158,2017SEP19-13,Female,L25,L,WA,2019,SRKW,2017,9,19,47.88801,122.37806,coho,coho
52196-155_S84,52196-155,2017SEP19-03,Male,L92,L,WA,2019,SRKW,2017,9,19,47.85363,122.38551,chum,chum
2017Sep19-04_S54,52196-050,2017Sep19-04,Undetermined,L86 ,L,WA,2018,SRKW,2017,9,19,47.715602,122.47593,coho,coho
52389-1_S3,52389-01,13Nov2019-6,Male,J49,J,WA,2021P2,SRKW,2019,11,13,47.715602,122.47593,chum,chum
52389-10_S8,52389-10,2020Nov29-01A,Male,52389-5,J,WA,2021P2,SRKW,2020,11,29,47.715602,122.47593,chum,chum
52389-11_S9,52389-11,MS2019Nov12.05B,Male,J44,J,WA,2021P2,SRKW,2019,11,12,47.715602,122.47593,chum,chum
52389-19_13,52389-19,11-24-19 event #1,Male,J44,J,WA,2021P2,SRKW,2019,11,24,47.715602,122.47593,NA,None
52389-20_S14,52389-20,11-24-19 event #1,Male,J44,J,WA,2021P2,SRKW,2019,11,24,47.715602,122.47593,chum,chum
52389-28_S16,52389-28,2019Dec18-#3,Male,J42,J,WA,2021P2,SRKW,2019,12,18,47.715602,122.47593,chum,chum
52389-29_S17,52389-29,2019Dec18-#2,Male,52389-29,"J,K,L",WA,2021P2,SRKW,2019,12,18,47.715602,122.47593,chinook,chinook
52389-3_S4,52389-03,MS2019Nov12.05A,Male,J44,J,WA,2021P2,SRKW,2019,11,12,47.715602,122.47593,chum,chum
52389-30_S76,52389-30,11-24-19 #3,Male,J44,J,WA,2021P1,SRKW,2019,11,24,47.715602,122.47593,chum,chum
52389-4_S5,52389-04,MS2019Nov12.06,Male,J49,J,WA,2021P2,SRKW,2019,11,12,47.715602,122.47593,NA,None
52389-5_S6,52389-05,2020Nov29-0113,Male,52389-5,J,WA,2021P2,SRKW,2020,11,29,47.715602,122.47593,chum,chum
52389-6_S7,52389-06,MS2019Nov12.04,Female,J46,J,WA,2021P2,SRKW,2019,11,12,47.715602,122.47593,chum,chum
MS2017Nov06-04_S63,52196-069,MS2017Nov06-04,Undetermined,unknown,unknown,WA,2018,SRKW,2017,11,6,47.715602,122.47593,chum,chum
MS2017Nov06-05_S3,52196-070,MS2017Nov06-05,Undetermined,unknown,unknown,WA,2018,SRKW,2017,11,6,47.715602,122.47593,chum,chum
MS2017Nov08-01_S12,52196-071,MS2017Nov08-01,Undetermined,K42,K,WA,2018,SRKW,2017,11,8,47.715602,122.47593,chum,chum
MS2017Nov08-02_S21,52196-072,MS2017Nov08-02,Undetermined,K42,K,WA,2018,SRKW,2017,11,8,47.715602,122.47593,chum,chum
MS2017Nov22-01_S30,52196-073,MS2017Nov22-01,Undetermined,K16,K,WA,2018,SRKW,2017,11,22,47.715602,122.47593,chum,chum
2017Mar31-01_S1,52196-043,2017Mar31-01,Undetermined,J17,J,WA,2018,SRKW,2017,3,31,48.152243,122.71428,chinook,chinook
2017Mar31-01rep_S10,52196-043,2017Mar31-01,Undetermined,J17,J,WA,2018,SRKW,2017,3,31,48.152243,122.71428,chinook,chinook
52196-170_S22,52196-170,2017SEP23-02,Female,L86,L,WA,2019,SRKW,2017,9,23,48.50726,122.75874,chinook,chinook
2017Sep23-03_S2,52196-052,2017Sep23-03,Undetermined,L87,L,WA,2018,SRKW,2017,9,23,48.72477,122.780677,chinook,chinook
2017Sep23-07_S11,52196-053,2017Sep23-07,Undetermined,J42,J,WA,2018,SRKW,2017,9,23,48.72477,122.780677,chum,chum
2017Sep23-07rep_S20,52196-053,2017Sep23-07,Undetermined,J42,J,WA,2018,SRKW,2017,9,23,48.72477,122.780677,chum,chum
2017Sep23-14_S29,52196-055,2017Sep23-14,Male,L106,L,WA,2018,SRKW,2017,9,23,48.72477,122.780677,chinook,chinook
52196-173_S23,52196-173,2017SEP23-05A,Female,J42,J,WA,2019,SRKW,2017,9,23,48.4398,122.79254,chum,chum
52196-174_S34,52196-174,2017SEP23-06,Female,J42,J,WA,2019,SRKW,2017,9,23,48.42145,122.80965,chum,chum
52196-207_S25,52196-207,2018SEP12-02,Female,NA,unknown,WA,2019,SRKW,2018,9,12,48.40966,122.84057,chinook,chinook
52196-175_S45,52196-175,2017SEP23-10,Male,NA,unknown,WA,2019,SRKW,2017,9,23,48.415,122.88344,chinook,chinook
52196-150_S41,52196-150,2017SEP11-06,Male,L89,L,WA,2019,SRKW,2017,9,11,48.4,122.9,chinook,chinook
52196-176_S56,52196-176,2017SEP23-11,Female,L47,L,WA,2019,SRKW,2017,9,23,48.42449,122.92717,chinook,chinook
52196-190_S46,52196-190,2017SEP26-06,Female,L86,L,WA,2019,SRKW,2017,9,26,48.89504,122.96215,chinook,chinook
52196-190rep_S33,52196-190,2017SEP26-06,Female,L86,L,WA,2019,SRKW,2017,9,26,48.89504,122.96215,chinook,chinook
52196-189_S35,52196-189,2017SEP26-05,fail,L86,L,WA,2019,SRKW,2017,9,26,48.89803,122.97893,chinook,chinook
52196-129_S17,52196-129,2017SEP13-06,Female,L22,L,WA,2019,SRKW,2017,9,13,48.40989,122.98726,chinook,chinook
52196-205_S3,52196-205,2018SEP25-03,Male,J49,J,WA,2019,SRKW,2018,9,25,48.21338,122.98989,coho,None
52196-188_S24,52196-188,2017SEP26-04,Female,L86,L,WA,2019,SRKW,2017,9,26,48.90693,123.01922,chinook,chinook
52196-152_S63,52196-152,2017SEP11-09,Male,L85,L,WA,2019,SRKW,2017,9,11,48.45519,123.02197,chinook,chinook
52196-177_S66,52196-177,2017SEP23-12,Female,L47,L,WA,2019,SRKW,2017,9,23,48.44903,123.03739,chinook,chinook
52196-151_S52,52196-151,2017SEP11-08,Female,NA,unknown,WA,2019,SRKW,2017,9,11,48.38727,123.0387,NA,None
52196-126_S82,52196-126,2017SEP13-03,Male,L41,L,WA,2019,SRKW,2017,9,13,48.47766,123.04076,chinook,chinook
52196-153_S73,52196-153,2017SEP11-10,Male,L85,L,WA,2019,SRKW,2017,9,11,48.46548,123.06393,chinook,chinook
52196-204_S78,52196-204,2018SEP25-02   ,Male,J49,J,WA,2019,SRKW,2018,9,25,48.45262,123.06938,coho,None
52196-178_S77,52196-178,2017SEP23-13,Female,L86,L,WA,2019,SRKW,2017,9,23,48.46267,123.0768,chinook,chinook
52196-145_S18,52196-145,2017SEP24-26,Female,J19,J,WA,2019,SRKW,2017,9,24,48.60233,123.07803,chinook,chinook
52196-145rep_S74,52196-145,2017SEP24-26,Female,J19,J,WA,2019,SRKW,2017,9,24,48.60233,123.07803,chinook,chinook
52196-198_S57,52196-198,2018JUN12-02,fail,L115,L,WA,2019,SRKW,2018,6,12,48.66377,123.08259,chinook,chinook
52196-198rep_S44,52196-198,2018JUN12-02,fail,L115,L,WA,2019,SRKW,2018,6,12,48.66377,123.08259,chinook,chinook
52196-198repB_S76,52196-198,2018JUN12-02,fail,L115,L,WA,2019,SRKW,2018,6,12,48.66377,123.08259,chinook,chinook
52196-131_S40,52196-131,2017SEP13-12A,Male,52196-131,unknown,WA,2019,SRKW,2017,9,13,48.47766,123.08956,chinook,chinook
52196-148_S30,52196-148,2017SEP10-12,Female,L55,L,WA,2019,SRKW,2017,9,10,48.48,123.09664,chinook,chinook
52196-148rep_S85,52196-148,2017SEP10-12,Female,L55,L,WA,2019,SRKW,2017,9,10,48.48,123.09664,chinook,chinook
52196-130_S29,52196-130,2017SEP13-11,Male,52196-130,unknown,WA,2019,SRKW,2017,9,13,48.47975,123.09732,chinook,chinook
52196-161_S42,52196-161,2017SEP21-06,fail,fail,unknown,WA,2019,SRKW,2017,9,21,48.97225,123.11713,chinook,chinook
52196-144_S8,52196-144,2017SEP24-25,Male,L87,L,WA,2019,SRKW,2017,9,24,48.69287,123.12927,chum,chum
52196-202_S67,52196-202,2018SEP23-02A,fail,J53,J,WA,2019,SRKW,2018,9,23,48.5309,123.1653,chum,chum
52196-162_S53,52196-162,2017SEP22-05,Female,L113,L,WA,2019,SRKW,2017,9,22,48.29802,123.16637,chinook,chinook
52196-163_S1,52196-163,2017SEP22-06,fail,L113,L,WA,2019,SRKW,2017,9,22,48.28417,123.18365,chinook,chinook
52196-163b_S64,52196-163,2017SEP22-06,fail,L113,L,WA,2019,SRKW,2017,9,22,48.28417,123.18365,chinook,chinook
52196-163rep_S11,52196-163,2017SEP22-06,fail,L113,L,WA,2019,SRKW,2017,9,22,48.28417,123.18365,chinook,chinook
2017Sep10-02_S19,2017Sep10-02,2017Sep10-02,Male,L106,L,WA,2018,SRKW,2017,9,10,48.556775,123.230931,chinook,chinook
2017Sep10-06_S28,52196-045,2017Sep10-06,Undetermined,L116,L,WA,2018,SRKW,2017,9,10,48.556775,123.230931,chinook,chinook
2017Sep10-11_S37,52196-046,2017Sep10-11,Undetermined,L118,L,WA,2018,SRKW,2017,9,10,48.556775,123.230931,chum,chum
2017Sep13-01_S46,52196-047,2017Sep13-01,Undetermined,L25,L,WA,2018,SRKW,2017,9,13,48.556775,123.230931,chinook,chinook
2018AUG12-01-A_S6,52196-099,2018AUG12-01-A,Undetermined,J16,J,WA,2018,SRKW,2018,8,12,48.556775,123.230931,chinook,chinook
2018AUG12-01-B_S15,52196-100,2018AUG12-01-B,Undetermined,J16,J,WA,2018,SRKW,2018,8,12,48.556775,123.230931,chinook,chinook
2018JUN11-01_S24,52196-101,2018JUN11-01,Undetermined,unknown,"J,L",WA,2018,SRKW,2018,6,11,48.556775,123.230931,chinook,chinook
2018JUN11-02_S33,52196-102,2018JUN11-02,Undetermined,J40,J,WA,2018,SRKW,2018,6,11,48.556775,123.230931,chinook,chinook
2018JUN11-03_S42,52196-103,2018JUN11-03,Undetermined,unknown,"J,L",WA,2018,SRKW,2018,6,11,48.556775,123.230931,chinook,chinook
2018JUN11-04A_S51,52196-104,2018JUN11-04A,Undetermined,J40,J,WA,2018,SRKW,2018,6,11,48.556775,123.230931,chinook,chinook
2018JUN11-04B_S59,52196-105,2018JUN11-04B,Undetermined,J40,J,WA,2018,SRKW,2018,6,11,48.556775,123.230931,chinook,chinook
2018JUN11-05A_S67,52196-106,2018JUN11-05A,Undetermined,J17,J,WA,2018,SRKW,2018,6,11,48.556775,123.230931,chinook,chinook
2018JUN11-05B_S7,52196-107,2018JUN11-05B,Undetermined,J17,J,WA,2018,SRKW,2018,6,11,48.556775,123.230931,chinook,chinook
2018JUN11-07_S16,52196-109,2018JUN11-07,Undetermined,J17,J,WA,2018,SRKW,2018,6,11,48.556775,123.230931,chinook,chinook
2018JUN11-08_S25,52196-110,2018JUN11-08,Undetermined,J17,J,WA,2018,SRKW,2018,6,11,48.556775,123.230931,chinook,chinook
2018JUN11-10_S34,52196-112,2018JUN11-10,Undetermined,J49,J,WA,2018,SRKW,2018,6,11,48.556775,123.230931,chinook,chinook
2018JUN11-11A_S43,52196-113,2018JUN11-11A,Undetermined,J49,J,WA,2018,SRKW,2018,6,11,48.556775,123.230931,chinook,chinook
2018JUN11-11B_S52,52196-114,2018JUN11-11B,Undetermined,J49,J,WA,2018,SRKW,2018,6,11,48.556775,123.230931,chinook,chinook
2018JUN11-13A_S60,52196-116,2018JUN11-13A,Undetermined,L87,L,WA,2018,SRKW,2018,6,11,48.556775,123.230931,chinook,chinook
2018JUN11-13B_S68,52196-117,2018JUN11-13B,Undetermined,L87,L,WA,2018,SRKW,2018,6,11,48.556775,123.230931,chinook,chinook
2018JUN14-05_S8,52196-118,2018JUN14-05,Undetermined,unknown,J,WA,2018,SRKW,2018,6,14,48.556775,123.230931,chinook,chinook
2018JUN14-08_S17,52196-121,2018JUN14-08,Undetermined,J46,J,WA,2018,SRKW,2018,6,14,48.556775,123.230931,chinook,chinook
2018JUN14-10_S26,52196-122,2018JUN14-10,Undetermined,J36,J,WA,2018,SRKW,2018,6,14,48.556775,123.230931,chinook,chinook
2018JUN15-02_S35,52196-123,2018JUN15-02,Undetermined,J40,J,WA,2018,SRKW,2018,6,15,48.556775,123.230931,chinook,chinook
52389-16_S11,52389-16,2020Sep11-03,Undetermined,fail,K,WA,2021P2,SRKW,2020,9,11,48.556775,123.230931,coho,coho
52389-18_12,52389-18,2020Sep11-01,Undetermined,fail,K,WA,2021P2,SRKW,2020,9,11,48.556775,123.230931,NA,None
52390-19_S21,52390-19,2021.Sept.12.4b,Male,L106,L,WA,2021P2,SRKW,2021,9,12,48.556775,123.230931,coho,coho
52390-20_S22,52390-20,2021.Sep.12.4a,Male,L106,L,WA,2021P2,SRKW,2021,9,12,48.556775,123.230931,coho,coho
52390-24_S23,52390-24,2021Sep11-03a,Male,L115,L,WA,2021P2,SRKW,2021,9,11,48.556775,123.230931,chinook,chinook
52390-25_S24,52390-25,2021Sep11-02 ,Male,52389-29,"J,K,L",WA,2021P2,SRKW,2021,9,11,48.556775,123.230931,chinook,chinook
52390-25-dup_S33,52390-25,2021Sep11-02 ,Male,52389-29,"J,K,L",WA,2021P2,SRKW,2021,9,11,48.556775,123.230931,chinook,chinook
52390-26_S25,52390-26,2021Sep12-3a,Male,L106,L,WA,2021P2,SRKW,2021,9,12,48.556775,123.230931,coho,coho
52390-27_S26,52390-27,2021Sep12-02,Female,J16,J,WA,2021P2,SRKW,2021,9,12,48.556775,123.230931,coho,coho
52390-27-dup_S34,52390-27,2021Sep12-02,Female,J16,J,WA,2021P2,SRKW,2021,9,12,48.556775,123.230931,coho,coho
2017Sep24-10_S38,52196-058,2017Sep24-10,Undetermined,J42,J,WA,2018,SRKW,2017,9,24,48.788544,123.339653,coho,None
2017Sep24-15_S47,52196-061,2017Sep24-15,Undetermined,J42,J,WA,2018,SRKW,2017,9,24,48.788544,123.339653,coho,None
52196-183_S2,52196-183,2017SEP24-08,Male,NA,unknown,WA,2019,SRKW,2017,9,24,48.87077,123.39289,chum,chum
52196-183rep_S21,52196-183,2017SEP24-08,Male,NA,unknown,WA,2019,SRKW,2017,9,24,48.87077,123.39289,chum,chum
52196-138_S51,52196-138,2017SEP24-12,Female,J42,J,WA,2019,SRKW,2017,9,24,48.87859,123.41077,chum,None
52196-140_S62,52196-140,2017SEP24-16,Female,J42,J,WA,2019,SRKW,2017,9,24,48.91728,123.45848,chum,None
52196-142_S72,52196-142,2017SEP24-23,fail,J19,J,WA,2019,SRKW,2017,9,24,48.91918,123.465,chinook,chinook
52196-185_S12,52196-185,2017SEP24-22,Female,J19,J,WA,2019,SRKW,2017,9,24,48.91918,123.465,chinook,chinook
2017Sep21-02_S62,52196-051,2017Sep21-02,Undetermined,L106,L,WA,2018,SRKW,2017,9,21,49.332905,123.959783,chinook,chinook
2017Sep26-07_S55,52196-067,2017Sep26-07,Undetermined,L92,L,WA,2018,SRKW,2017,9,26,49.332905,123.959783,chinook,chinook
52389-15_S10,52389-15,2020Sep12-01,Male,J49,J,WA,2021P2,SRKW,2020,9,1,49.332905,123.959783,NA,None
52390-35_S29,52390-35,2021Oct22-04b,Female,52390-34,"J,K,L",WA,2021P2,SRKW,2021,10,22,48.468623,124.69409,sablefish,sablefish
52390-36_S30,52390-36,2021Oct22-05b,Male,52390-36,"J,K,L",WA,2021P2,SRKW,2021,10,22,48.468623,124.69409,NA,None
52390-39_S31,52390-39,2021Oct18-06b,Male,L115,L,WA,2021P2,SRKW,2021,10,18,48.468623,124.69409,sablefish,sablefish
52390-40_S32,52390-40,2021Oct18-05a,Male,52389-29,"J,K,L",WA,2021P2,SRKW,2021,10,18,48.468623,124.69409,sablefish,sablefish
METR-20190819BOR-2_S36,METR-20190819BOR-2,NA,NA,NA,"B,G",unknown,2019,NRKW,2019,8,19,48.234519,124.806547,NA,None
METR-20190819BOR-5_S47,METR-20190819BOR-5,NA,NA,NA,"B,G",unknown,2019,NRKW,2019,8,19,48.234519,124.806547,NA,None
METR-20190819BOR-6_S58,METR-20190819BOR-6,NA,NA,NA,"B,G",unknown,2019,NRKW,2019,8,19,48.234519,124.806547,NA,None
METR-20190819BOR-7_S68,METR-20190819BOR-7,NA,NA,NA,"B,G",unknown,2019,NRKW,2019,8,19,48.234519,124.806547,NA,None
52390-28_S27,52390-28,2021Sep15-01,Male,J26,J,WA,2021P2,SRKW,2021,9,15,48.45,124.25,NA,None
52357-19_S24,52357-19,NGOS_2020_25,Male,ARKW_36,ARKW,PWS,2021P1,ARKW,2020,6,14,60.293,146.702,chum,chum
52357-1_S17,52357-01,NGOS_2020_24,Male,ARKW_37,ARKW,PWS,2021P1,ARKW,2020,6,14,60.272,146.725,chum,chum
52357-10_S22,52357-10,NGOS_2020_21,Female,ARKW_38,ARKW,PWS,2021P1,ARKW,2020,6,14,60.245,146.738,chum,chum
52357-35_S35,52357-35,NGOS_2020_35,Male,ARKW_45,ARKW,PWS,2021P1,ARKW,2020,6,30,60.338,146.738,chum,chum
52357-23_S26,52357-23,NGOS_2020_29,Male,ARKW_37,ARKW,PWS,2021P1,ARKW,2020,6,21,60.416,146.854,chum,chum
51530-026_S79,51530-026,NGOS_2018_01a,Male,ARKW_19,ARKW,PWS,2019,ARKW,2018,5,9,60.336,146.882,arrowtooth,arrowtooth
51530-027_S4,51530-027,NGOS_2018_01b,Male,ARKW_19,ARKW,PWS,2019,ARKW,2018,5,9,60.336,146.882,arrowtooth,arrowtooth
52332-21_S13,52332-21,NGOS_2019_24,Undetermined,ARKW_33,ARKW,PWS,2021P1,ARKW,2019,6,19,60.292,146.883,chum,chum
NGOS-2017-PWS2_S58,51530-021,NGOS-2017-PWS2,Female,ARKW_14,ARKW,PWS,2018,ARKW,2017,6,20,60.523,146.888,chum,chum
52357-34_S34,52357-34,NGOS_2020_32,Undetermined,ARKW_52,ARKW,PWS,2021P1,ARKW,2020,6,29,60.203,146.967,chum,chum
52357-38_S36,52357-38,NGOS_2020_33,Undetermined,ARKW_44,ARKW,PWS,2021P1,ARKW,2020,6,29,60.207,146.97,NA,None
52357-33_S33,52357-33,NGOS_2020_34,Undetermined,ARKW_44,ARKW,PWS,2021P1,ARKW,2020,6,29,60.203,146.975,chum,None
NGOS-2017-PWS1_S50,51530-020,NGOS-2017-PWS1,Female,ARKW_13,ARKW,PWS,2018,ARKW,2017,6,15,60.392,146.985,arrowtooth,arrowtooth
NGOS-2017-PWS4_S66,51530-023,NGOS-2017-PWS4,Female,ARKW_16,ARKW,PWS,2018,ARKW,2017,6,22,60.37,147.23,chum,chum
51530-052_S50,51530-052,NGOS_2018_24,Undetermined,ARKW_28,ARKW,West PWS,2019,ARKW,2018,9,30,60.086,147.755,chum,chum
51530-053_S61,51530-053,NGOS_2018_25,Undetermined,ARKW_29,ARKW,West PWS,2019,ARKW,2018,9,30,60.039,147.785,chum,None
NGOS-2016-5A_S4,51530-006,NGOS-2016-5A,Female,ARKW_05,ARKW,West PWS,2018,ARKW,2016,9,13,60.12,147.79,halibut,halibut
NGOS-2016-5B_S13,51530-007,NGOS-2016-5B,Undetermined,FAIL,ARKW,West PWS,2018,ARKW,2016,9,13,60.12,147.79,halibut,halibut
NGOS-2016-5C_S22,51530-008,NGOS-2016-5C,Female,ARKW_05,ARKW,West PWS,2018,ARKW,2016,9,13,60.12,147.79,halibut,halibut
NGOS-2016-5Crep_S31,51530-008,NGOS-2016-5C,Female,ARKW_05,ARKW,West PWS,2018,ARKW,2016,9,13,60.12,147.79,halibut,halibut
51530-054_S71,51530-054,NGOS_2018_26,Undetermined,ARKW_29,ARKW,West PWS,2019,ARKW,2018,9,30,60.019,147.807,chum,None
NGOS-2016-6A_S40,51530-009,NGOS-2016-6A,Male,ARKW_06,ARKW,West PWS,2018,ARKW,2016,9,13,60.09,147.81,arrowtooth,arrowtooth
NGOS-2016-6Arep_S49,51530-009,NGOS-2016-6A,Male,ARKW_06,ARKW,West PWS,2018,ARKW,2016,9,13,60.09,147.81,arrowtooth,arrowtooth
NGOS-2016-6B_S57,51530-010,NGOS-2016-6B,Male,ARKW_06,ARKW,West PWS,2018,ARKW,2016,9,13,60.09,147.81,arrowtooth,arrowtooth
52357-40_S37,52357-40,NGOS_2020_38,Undetermined,ARKW_54,ARKW,West PWS,2021P1,ARKW,2020,7,3,60.08,147.853,chinook,chinook
52357-24_S27,52357-24,NGOS_2020_42,Male,ARKW_42,ARKW,West PWS,2021P1,ARKW,2020,9,3,60.115,147.877,chinook,chinook
52357-32_S32,52357-32,NGOS_2020_39,Female,ARKW_43,ARKW,West PWS,2021P1,ARKW,2020,8,28,59.873,147.898,coho,coho
52358-52_S19,52358-52,NGOS_2021_44,Male,ARKW_64,ARKW,West PWS,2021P2,ARKW,2021,7,2,60.332,147.987,halibut,halibut
52358-53_S20,52358-53,NGOS_2021_43,Male,ARKW_64,ARKW,West PWS,2021P2,ARKW,2021,7,2,60.325,147.99,NA,None
52357-30_S30,52357-30,NGOS_2020_41,Female,ARKW_43,ARKW,West PWS,2021P1,ARKW,2020,8,28,59.805,148.027,coho,coho
51530-045_S6,51530-045,NGOS_2018_17,Female,ARKW_25,ARKW,Kenai Fjord,2019,ARKW,2018,6,4,59.921,149.167,chum,chum
51530-046_S16,51530-046,NGOS_2018_18,Female,ARKW_26,ARKW,Kenai Fjord,2019,AOKW,2018,6,5,59.962,149.19,chinook,chinook
51530-044_S81,51530-044,NGOS_2018_16,Undetermined,ARKW_08,ARKW,Kenai Fjord,2019,ARKW,2018,5,31,59.864,149.265,chum,chum
51530-031_S26,51530-031,NGOS_2018_05a,Male,ARKW_21,ARKW,Kenai Fjord,2019,ARKW,2018,5,24,59.895,149.319,chinook,chinook
51530-032_S37,51530-032,NGOS_2018_05b,Male,ARKW_21,ARKW,Kenai Fjord,2019,ARKW,2018,5,24,59.895,149.319,chinook,chinook
51530-036_S80,51530-036,NGOS_2018_08,Male,ARKW_03,ARKW,Kenai Fjord,2019,ARKW,2018,5,27,59.796,149.367,chum,chum
52332-8_S6,52332-08,NGOS_2019_10,Male,ARKW_02,ARKW,Kenai Fjord,2021P1,ARKW,2019,5,26,59.783,149.392,chinook,chinook
52357-22_S25,52357-22,NGOS_2020_45,Female,ARKW_41,ARKW,Kenai Fjord,2021P1,ARKW,2020,9,16,59.947,149.402,NA,None
51530-042_S60,51530-042,NGOS_2018_14,Male,ARKW_22,ARKW,Kenai Fjord,2019,ARKW,2018,5,29,59.842,149.433,chum,chum
51530-047_S28,51530-047,NGOS_2018_19,Male,ARKW_22,ARKW,Kenai Fjord,2019,ARKW,2018,6,5,59.825,149.437,chum,chum
52358-26_S58,52358-26,NGOS_2021_42,Female,ARKW_14,ARKW,Kenai Fjord,2021P1,ARKW,2021,6,8,59.753,149.45,chinook,chinook
52358-2_S39,52358-02,NGOS_2021_41a,Undetermined,ARKW_56,ARKW,Kenai Fjord,2021P1,ARKW,2021,6,8,59.753,149.455,chinook,chinook
52358-3_S40,52358-03,NGOS_2021_41b,Undetermined,ARKW_56,ARKW,Kenai Fjord,2021P1,ARKW,2021,6,8,59.753,149.455,chinook,chinook
51530-041_S49,51530-041,NGOS_2018_13,Male,ARKW_24,ARKW,Kenai Fjord,2019,ARKW,2018,5,29,59.846,149.46,chum,chum
52358-8_S45,52358-08,NGOS_2021_40a,Female,ARKW_07,ARKW,Kenai Fjord,2021P1,ARKW,2021,6,8,59.765,149.463,chinook,chinook
52358-9_S46,52358-09,NGOS_2021_40b,Undetermined,ARKW_07,ARKW,Kenai Fjord,2021P1,ARKW,2021,6,8,59.765,149.463,chinook,chinook
52358-4_S41,52358-04,NGOS_2021_38,Female,ARKW_52,ARKW,Kenai Fjord,2021P1,ARKW,2021,6,8,59.775,149.467,chinook,chinook
52358-5_S42,52358-05,NGOS_2021_39,Female,ARKW_62,ARKW,Kenai Fjord,2021P1,ARKW,2021,6,8,59.775,149.468,chinook,chinook
51530-040_S38,51530-040,NGOS_2018_12,Female,ARKW_01,ARKW,Kenai Fjord,2019,ARKW,2018,5,29,59.85,149.478,chum,chum
52357-18_S23,52357-18,NGOS_2020_16,Female,ARKW_01,ARKW,Kenai Fjord,2021P1,ARKW,2020,6,9,59.804,149.48,chinook,chinook
51530-035_S69,51530-035,NGOS_2018_07,Male,ARKW_23,ARKW,Kenai Fjord,2019,ARKW,2018,5,27,59.796,149.489,chum,chum
52357-29_S29,52357-29,NGOS_2020_19,Female,ARKW_62,ARKW,Kenai Fjord,2021P1,ARKW,2020,6,11,59.783,149.508,chum,chum
NGOS-2016-3_S64,51530-004,NGOS-2016-3,Male,ARKW_03,ARKW,Kenai Fjord,2018,ARKW,2016,6,6,59.76,149.51,chum,chum
52332-16_S11,52332-16,NGOS_2019_20,Female,ARKW_20,ARKW,Kenai Fjord,2021P1,ARKW,2019,6,3,59.795,149.512,chinook,chinook
52357-26_S28,52357-26,NGOS_2020_07,Male,ARKW_40,ARKW,Kenai Fjord,2021P1,ARKW,2020,5,27,59.788,149.517,chinook,chinook
51530-049_S39,51530-049,NGOS_2018_21,Undetermined,ARKW_01,ARKW,Kenai Fjord,2019,ARKW,2018,6,6,59.737,149.519,chum,chum
51530-039_S27,51530-039,NGOS_2018_11,Male,ARKW_24,ARKW,Kenai Fjord,2019,ARKW,2018,5,29,59.853,149.521,chum,chum
NGOS-2017-KF3_S5,51530-013,NGOS-2017-KF3,Undetermined,ARKW_08,ARKW,Kenai Fjord,2018,ARKW,2017,6,1,59.705,149.523,chinook,chinook
52332-25_S15,52332-25,NGOS_2019_09,Female,ARKW_58,ARKW,Kenai Fjord,2021P1,ARKW,2019,5,26,59.767,149.528,chinook,chinook
NGOS-2017-KF4_S14,51530-014,NGOS-2017-KF4,Undetermined,ARKW_09,ARKW,Kenai Fjord,2018,ARKW,2017,6,1,59.702,149.529,chinook,chinook
52358-16_S50,52358-16,NGOS_2021_17,Female,ARKW_52,ARKW,Kenai Fjord,2021P1,ARKW,2021,5,25,59.778,149.532,chinook,chinook
52358-16-dup_S15,52358-16,NGOS_2021_17,Female,ARKW_52,ARKW,Kenai Fjord,2021P1,ARKW,2021,5,25,59.778,149.532,chinook,chinook
52358-37_S66,52358-37,NGOS_2021_36,Male,ARKW_54,ARKW,Kenai Fjord,2021P1,ARKW,2021,6,8,59.735,149.532,chinook,chinook
52358-13_S49,52358-13,NGOS_2021_29,Female,FAIL,ARKW,Kenai Fjord,2021P1,ARKW,2021,6,4,59.782,149.533,chinook,chinook
52358-19_S53,52358-19,NGOS_2021_24,Male,ARKW_24,ARKW,Kenai Fjord,2021P1,ARKW,2021,5,28,59.778,149.533,chinook,chinook
51530-029_S14,51530-029,NGOS_2018_03,Female,ARKW_20,ARKW,Kenai Fjord,2019,ARKW,2018,5,24,59.78,149.534,chinook,chinook
52358-22_S55,52358-22,NGOS_2021_23,Female,ARKW_23,ARKW,Kenai Fjord,2021P1,ARKW,2021,5,27,59.762,149.535,chinook,chinook
52358-34_S64,52358-34,NGOS_2021_30b,Female,FAIL,ARKW,Kenai Fjord,2021P1,ARKW,2021,6,4,59.787,149.535,chinook,chinook
52358-35_S65,52358-35,NGOS_2021_30a,Female,FAIL,ARKW,Kenai Fjord,2021P1,ARKW,2021,6,4,59.787,149.535,chinook,chinook
52332-24_S14,52332-24,NGOS_2019_11,Male,ARKW_02,ARKW,Kenai Fjord,2021P1,ARKW,2019,5,26,59.78,149.537,chinook,chinook
52357-5_S20,52357-05,NGOS_2020_04,Male,ARKW_49,ARKW,Kenai Fjord,2021P1,ARKW,2020,5,27,59.785,149.538,chinook,chinook
52357-5-dup_S75,52357-05,NGOS_2020_04,Male,ARKW_49,ARKW,Kenai Fjord,2021P1,ARKW,2020,5,27,59.785,149.538,chinook,chinook
52358-18_S52,52358-18,NGOS_2021_25,Male,ARKW_24,ARKW,Kenai Fjord,2021P1,ARKW,2021,5,28,59.783,149.538,chinook,chinook
52332-3_S1,52332-03,NGOS_2019_03,Male,FAIL,ARKW,Kenai Fjord,2021P1,ARKW,2019,5,24,59.783,149.54,chinook,chinook
52357-4_S19,52357-04,NGOS_2020_03,Female,ARKW_47,ARKW,Kenai Fjord,2021P1,ARKW,2020,5,27,59.785,149.54,chinook,chinook
52358-11_S48,52358-11,NGOS_2021_20,Female,ARKW_39,ARKW,Kenai Fjord,2021P1,ARKW,2021,5,25,59.783,149.54,chinook,chinook
52358-23_S56,52358-23,NGOS_2021_22,Female,ARKW_16,ARKW,Kenai Fjord,2021P1,ARKW,2021,5,27,59.783,149.54,chinook,chinook
52332-11_S9,52332-11,NGOS_2019_04,Female,FAIL,unknown,Kenai Fjord,2021P1,ARKW,2019,5,24,59.783,149.542,chinook,chinook
52332-5_S3,52332-05,NGOS_2019_05,Undetermined,FAIL,ARKW,Kenai Fjord,2021P1,ARKW,2019,5,24,59.783,149.542,chinook,chinook
52332-6_S4,52332-06,NGOS_2019_06,Undetermined,FAIL,ARKW,Kenai Fjord,2021P1,ARKW,2019,5,24,59.783,149.545,chinook,chinook
52332-10_S8,52332-10,NGOS_2019_21B,Female,FAIL,unknown,Kenai Fjord,2021P1,ARKW,2019,6,3,59.783,149.547,chinook,chinook
52332-18_S12,52332-18,NGOS_2019_21,Female,ARKW_31,ARKW,Kenai Fjord,2021P1,ARKW,2019,6,3,59.783,149.547,chinook,chinook
52332-7_S5,52332-07,NGOS_2019_14,Female,ARKW_58,ARKW,Kenai Fjord,2021P1,ARKW,2019,6,1,59.783,149.547,chinook,chinook
52332-4_S2,52332-04,NGOS_2019_02,Female,ARKW_31,ARKW,Kenai Fjord,2021P1,ARKW,2019,5,24,59.783,149.548,chinook,chinook
52358-32_S62,52358-32,NGOS_2021_21,Male,ARKW_02,ARKW,Kenai Fjord,2021P1,ARKW,2021,5,26,59.782,149.55,chinook,chinook
52358-17_S51,52358-17,NGOS_2021_26,Male,ARKW_24,ARKW,Kenai Fjord,2021P1,ARKW,2021,5,28,59.785,149.56,chinook,chinook
52358-33_S63,52358-33,NGOS_2021_02,Female,ARKW_56,ARKW,Kenai Fjord,2021P1,ARKW,2021,5,17,59.78,149.56,chinook,chinook
51530-037_S5,51530-037,NGOS_2018_09,Male,ARKW_02,ARKW,Kenai Fjord,2019,ARKW,2018,5,29,59.848,149.562,chum,chum
51530-038_S15,51530-038,NGOS_2018_10,Male,ARKW_02,ARKW,Kenai Fjord,2019,ARKW,2018,5,29,59.848,149.562,chum,chum
52358-7_S44,52358-07,NGOS_2021_31a,Male,ARKW_66,ARKW,Kenai Fjord,2021P1,ARKW,2021,6,4,59.797,149.563,chum,chum
52357-2_S18,52357-02,NGOS_2020_08,Female,FAIL,ARKW,Kenai Fjord,2021P1,ARKW,2020,5,28,59.777,149.567,chinook,chinook
52358-42_S70,52358-42,NGOS_2021_27b,Female,ARKW_58,ARKW,Kenai Fjord,2021P1,ARKW,2021,6,4,59.79,149.567,chinook,chinook
52358-43_S71,52358-43,NGOS_2021_27a,Female,ARKW_58,ARKW,Kenai Fjord,2021P1,ARKW,2021,6,4,59.79,149.567,chinook,chinook
NGOS-2016-2_S56,51530-003,NGOS-2016-2,Undetermined,ARKW_02,ARKW,Kenai Fjord,2018,ARKW,2016,6,6,59.78,149.57,chinook,chinook
NGOS-2017-KF5_S23,51530-015,NGOS-2017-KF5,Male,ARKW_10,ARKW,Kenai Fjord,2018,ARKW,2017,6,1,59.695,149.57,chum,chum
52357-8_S21,52357-08,NGOS_2020_11,Female,ARKW_50,ARKW,Kenai Fjord,2021P1,ARKW,2020,5,30,59.813,149.572,chinook,chinook
52358-25_S57,52358-25,NGOS_2021_19,Male,ARKW_54,ARKW,Kenai Fjord,2021P1,ARKW,2021,5,25,59.783,149.572,chinook,chinook
52358-39_S67,52358-39,NGOS_2021_05,Female,ARKW_18,ARKW,Kenai Fjord,2021P1,ARKW,2021,5,18,59.772,149.578,chinook,chinook
52358-41_S69,52358-41,NGOS_2021_04,Male,ARKW_54,ARKW,Kenai Fjord,2021P1,ARKW,2021,5,18,59.772,149.58,chinook,chinook
NGOS-2016-1a_S39,51530-001,NGOS-2016-1a,Female,ARKW_01,ARKW,Kenai Fjord,2018,ARKW,2016,6,6,59.78,149.58,chinook,chinook
NGOS-2016-1b_S48,51530-002,NGOS-2016-1b,Undetermined,ARKW_01,ARKW,Kenai Fjord,2018,ARKW,2016,6,6,59.78,149.58,chinook,chinook
51530-033_S48,51530-033,NGOS_2018_06a,Male,ARKW_22,ARKW,Kenai Fjord,2019,ARKW,2018,5,26,59.781,149.582,chum,chum
51530-034_S59,51530-034,NGOS_2018_06b,Male,ARKW_22,ARKW,Kenai Fjord,2019,ARKW,2018,5,26,59.781,149.582,chum,chum
52358-21_S54,52358-21,NGOS_2021_09,Female,ARKW_18,ARKW,Kenai Fjord,2021P1,ARKW,2021,5,18,59.78,149.582,chinook,chinook
52358-40_S68,52358-40,NGOS_2021_03,Female,ARKW_23,ARKW,Kenai Fjord,2021P1,ARKW,2021,5,17,59.783,149.582,chinook,chinook
52358-31_S61,52358-31,NGOS_2021_08,Female,ARKW_18,ARKW,Kenai Fjord,2021P1,ARKW,2021,5,18,59.777,149.583,chinook,chinook
52358-1_S38,52358-01,NGOS_2021_06,Undetermined,ARKW_18,ARKW,Kenai Fjord,2021P1,ARKW,2021,5,18,59.778,149.585,chinook,chinook
52358-10_S47,52358-10,NGOS_2021_07,Female,ARKW_18,ARKW,Kenai Fjord,2021P1,ARKW,2021,5,18,59.777,149.585,chinook,chinook
52358-29_S60,52358-29,NGOS_2021_12,Female,ARKW_23,ARKW,Kenai Fjord,2021P1,ARKW,2021,5,22,59.778,149.585,chinook,chinook
NGOS-2017-KF2_S65,51530-012,NGOS-2017-KF2,Undetermined,ARKW_07,ARKW,Kenai Fjord,2018,ARKW,2017,5,30,59.78,149.585,chinook,chinook
52332-27_S16,52332-27,NGOS_2019_12,Male,ARKW_22,ARKW,Kenai Fjord,2021P1,ARKW,2019,5,28,59.788,149.587,chinook,chinook
52358-30_S77,52358-30,NGOS_2021_10,Female,ARKW_39,ARKW,Kenai Fjord,2021P1,ARKW,2021,5,22,59.795,149.59,chinook,chinook
52358-45_S1,52358-45,NGOS_2021_16,Male,ARKW_54,ARKW,Kenai Fjord,2021P2,ARKW,2021,5,25,59.807,149.593,chinook,chinook
52358-44_S72,52358-44,NGOS_2021_11,Female,ARKW_23,ARKW,Kenai Fjord,2021P1,ARKW,2021,5,22,59.805,149.595,chinook,chinook
52358-46_S2,52358-46,NGOS_2021_32,Female,ARKW_59,ARKW,Kenai Fjord,2021P2,ARKW,2021,6,4,59.808,149.595,chinook,chinook
52358-6_S43,52358-06,NGOS_2021_33,Female,ARKW_20,ARKW,Kenai Fjord,2021P1,ARKW,2021,6,5,59.7,149.6,chinook,chinook
52332-15_10,52332-15,NGOS_2019_13b,Male,FAIL,unknown,Kenai Fjord,2021P1,ARKW,2019,5,28,59.812,149.603,NA,None
52357-31_S31,52357-31,NGOS_2020_18,Male,ARKW_15,ARKW,Kenai Fjord,2021P1,ARKW,2020,6,9,59.62,149.62,chum,chum
52332-9_S7,52332-09,NGOS_2019_23,Female,ARKW_61,ARKW,Kenai Fjord,2021P1,ARKW,2019,6,9,59.675,149.628,chinook,chinook
NGOS-2017-KF7_S32,51530-017,NGOS-2017-KF7,Female,ARKW_08,ARKW,Kenai Fjord,2018,ARKW,2017,6,1,59.693,149.629,chinook,chinook
52358-28_S59,52358-28,NGOS_2021_34,Female,ARKW_55,ARKW,Kenai Fjord,2021P1,ARKW,2021,6,5,59.697,149.632,NA,None
NGOS-2017-KF8_S41,51530-018,NGOS-2017-KF8,Male,ARKW_10,ARKW,Kenai Fjord,2018,ARKW,2017,6,1,59.667,149.632,chum,chum
52358-49_S18,52358-49,NGOS_2021_50a,Female,ARKW_61,ARKW,Kenai Fjord,2021P2,ARKW,2021,7,8,59.598,149.67,chum,None
51530-043_S70,51530-043,NGOS_2018_15,Male,ARKW_03,ARKW,Kenai Fjord,2019,ARKW,2018,5,29,59.877,149.877,chum,chum
2011Feb09-02_S47,50592-002,2011Feb09-02,unknown,not run,unknown,WA,2016,SRKW,2011,2,9,47.728993,122.443604,chinook,chinook
2011Feb09-03_S48,50592-003,2011Feb09-03,unknown,not run,unknown,WA,2016,SRKW,2011,2,9,47.728993,122.443604,chinook,chinook
2011Feb10-02_S49,50592-006,2011Feb10-02,unknown,not run,unknown,WA,2016,SRKW,2011,2,10,47.89592,122.62933,chinook,chinook
2011Feb10-b_S50,50592-007,2011FEB10-03B,unknown,fail,unknown,WA,2016,SRKW,2011,2,10,47.849831,122.447571,chinook,chinook
2011Feb11-01_S51,50592-008,2011FEB10-01,Female,J22,J,WA,2016,SRKW,2011,2,11,47.849831,122.447571,chinook,chinook
2014APR14-01_S17,52196-013,2014APR14-01,Female,K27,K,WA,2016,SRKW,2014,4,14,47.849831,122.447571,chinook,chinook
2014JAN18-01_S5,52196-016,2014JAN18-01,Male,J45,J,WA,2016,SRKW,2014,1,18,47.849831,122.447571,chum,chum
2014JAN18-02_S6,52196-017,2014JAN18-02,Female,J22,J,WA,2016,SRKW,2014,1,18,47.849831,122.447571,chinook,chinook
2014JAN18-03_S7,52196-018,2014JAN18-03,Female,J28,J,WA,2016,SRKW,2014,1,18,47.849831,122.447571,chinook,chinook
2014JAN18-03-reex_S30,52196-018,2014JAN18-03,Female,J28,J,WA,2016,SRKW,2014,1,18,47.849831,122.447571,chinook,chinook
2014JAN18-04_S8,52196-019,2014JAN18-04,Female,NA,NA,WA,2016,SRKW,2014,1,18,47.849831,122.447571,chum,None
2014JAN18-04-reex_S27,52196-019,2014JAN18-04,Female,NA,NA,WA,2016,SRKW,2014,1,18,47.849831,122.447571,chum,None
2014JAN18-05_S9,52196-020,2014JAN18-05,Male,J47,J,WA,2016,SRKW,2014,1,18,47.849831,122.447571,chum,chum
2014JAN18-06_S14,52196-021,2014JAN18-06,Male,J47,J,WA,2016,SRKW,2014,1,18,47.849831,122.447571,chum,chum
2014NOV15-01-reex_S31,52196-041,2014NOV15-01,Female,J2,J,WA,2016,SRKW,2014,11,15,47.849831,122.447571,chum,chum
2014OCT17-01_S18,52196-022,2014OCT17-01,Female,K43,K,WA,2016,SRKW,2014,10,17,47.849831,122.447571,chinook,chinook
2014OCT17-01-reex_S28,52196-022,2014OCT17-01,Female,K43,K,WA,2016,SRKW,2014,10,17,47.849831,122.447571,chinook,chinook
2014OCT17-02_S19,52196-023,2014OCT17-02,Male,J45,J,WA,2016,SRKW,2014,10,17,47.849831,122.447571,chum,chum
2014OCT17-02-reex_S25,52196-023,2014OCT17-02,Male,J45,J,WA,2016,SRKW,2014,10,17,47.849831,122.447571,chum,chum
2015FEB18-02_S3,52196-002,2015FEB18-02,Male,K21,K,WA,2016,SRKW,2015,2,18,46.8898,124.247,NA,None
2015FEB18-04_S4,52196-004,2015FEB18-04,Male,K44,K,WA,2016,SRKW,2015,2,18,46.8898,124.247,NA,None
2015FEB19-04_S10,52196-005,2015FEB19-04,Male,K35,K,WA,2016,SRKW,2015,2,19,46.8898,124.247,chinook,chinook
2015FEB23-05_S11,52196-007,2015FEB23-05,Female,K12,K,WA,2016,SRKW,2015,2,23,46.063934,124.05417,chinook,chinook
2015FEB24-01_S12,52196-008,2015FEB24-01,Male,L116,L,WA,2016,SRKW,2015,2,24,46.350985,124.179009,NA,None
2015FEB25-03_S13,52196-010,2015FEB25-03,Female,L55,L,WA,2016,SRKW,2015,2,25,46.8898,124.247,chinook,chinook
2015FEB25-03-reex_S26,52196-010,2015FEB25-03,Female,L55,L,WA,2016,SRKW,2015,2,25,46.8898,124.247,chinook,chinook
2015Jan02-A_S1,52196-038,2015Jan10-02,fail,fail,NA,WA,2016,SRKW,2015,1,2,47.81054,122.41929,Raja binoculata,Raja binoculata
2015Jan02-A-reex_S24,52196-038,2015Jan10-02,fail,fail,NA,WA,2016,SRKW,2015,1,2,47.81054,122.41929,Raja binoculata,Raja binoculata
2015Jan03-A_S2,52196-039,2015Jan10-03,Male,J44,J,WA,2016,SRKW,2015,1,3,47.81054,122.41929,chum,chum
2015Jan10-02_S15,52196-031,2015Jan10-02,Male,NA,NA,WA,2016,SRKW,2015,1,10,47.849831,122.447571,Raja binoculata,Raja binoculata
2015Jan10-02-reex_S33,52196-031,2015Jan10-02,Male,NA,NA,WA,2016,SRKW,2015,1,10,47.849831,122.447571,Raja binoculata,Raja binoculata
2015Jan10-03_S16,52196-032,2015Jan10-03,Male,J44,J,WA,2016,SRKW,2015,1,10,47.849831,122.447571,chum,chum
2016Feb25-04_S23,NA,2016Feb25-04,NA,NA,NA,WA,2016,SRKW,2016,2,25,46.8898,124.247,chinook,chinook
2016Feb25-04-2_S43,NA,2016Feb25-04-2,NA,NA,NA,WA,2016,SRKW,2016,2,25,46.8898,124.247,chinook,chinook
2016Feb25-04-reex_S32,NA,2016Feb25-04,NA,NA,NA,WA,2016,SRKW,2016,2,25,46.8898,124.247,chinook,chinook
30-Jan-15_S20,52196-037,2015Jan30,Male,K33,K,WA,2016,SRKW,2015,1,15,47.849831,122.447571,NA,None
30-Jan-2015-2_S34,52196-037,2015Jan30,Male,K33,K,WA,2016,SRKW,2015,1,30,47.849831,122.447571,chinook,chinook
30-Jan-2015-3_S40,52196-037,2015Jan30,Male,K33,K,WA,2016,SRKW,2015,1,30,47.849831,122.447571,chinook,chinook
52196-143_S83,52196-143,2017SEP24-24,Male,J45,J,WA,2019,SRKW,2017,9,24,48.788187,123.339827,coho,coho
52196-206_S13,52196-206,2018SEP13-02,Female,J16,J,WA,2019,SRKW,2018,9,13,48.496659,123.181853,coho,coho
52196-206rep_S55,52196-206,2018SEP13-02,Female,J16,J,WA,2019,SRKW,2018,9,13,48.496659,123.181853,coho,coho
52196-206repB_S87,52196-206,2018SEP13-02,Female,J16,J,WA,2019,SRKW,2018,9,13,48.496659,123.181853,coho,coho
52390-32_S28,52390-32,2021Sep21-03a,Male,L115,L,WA,2021P2,SRKW,2021,9,21,47.849831,122.447571,NA,None
CRC2015APR09-03_S22,52196-034,CRC2015APR09-03,Female,L54,L,WA,2016,SRKW,2015,4,3,46.8898,124.247,chinook,chinook
CRC2015APR09-03-2_S36,52196-034,CRC2015APR09-03,Female,L54,L,WA,2016,SRKW,2015,4,3,46.8898,124.247,chinook,chinook
CRC2015APR09-03-3_S42,52196-034,CRC2015APR09-03,Female,L54,L,WA,2016,SRKW,2015,4,3,46.8898,124.247,chinook,chinook
CRC2015MAR0306-01-reex_S29,NA,CRC2015MAR0306-01,NA,NA,NA,WA,2016,SRKW,2015,3,3,47.9574,124.7381,chinook,chinook
CRC2015MAR06-06_S21,52196-036,CRC2015MAR06-06,Female,L54,L,WA,2016,SRKW,2015,3,6,47.8675,124.7254,chinook,None
CRC2015MAR06-06-2_S35,52196-036,CRC2015MAR06-06,Female,L54,L,WA,2016,SRKW,2015,3,6,47.8675,124.7254,chinook,chinook
CRC2015MAR06-06-3_S41,52196-036,CRC2015MAR06-06,Female,L54,L,WA,2016,SRKW,2015,3,6,47.8675,124.7254,chinook,chinook
F18Aug18-01_S44,52196-124,F18Aug18-01,Undetermined,J27,J,WA,2018,SRKW,2018,8,18,48.496659,123.181853,chinook,chinook
F18Aug18-02_S53,52196-125,F18Aug18-02,Undetermined,J27,J,WA,2018,SRKW,2018,8,18,48.496659,123.181853,chinook,chinook
AmpBias20-A_S40,AmpBias20-A,NA,NA,NA,NA,NA,2021P2,NA,NA,NA,NA,NA,NA,NA,None
AmpBias20-B_S41,AmpBias20-B,NA,NA,NA,NA,NA,2021P2,NA,NA,NA,NA,NA,NA,NA,None
AmpBias20-C_S42,AmpBias20-C,NA,NA,NA,NA,NA,2021P2,NA,NA,NA,NA,NA,NA,NA,None
AmpBias24-A_S43,AmpBias24-A,NA,NA,NA,NA,NA,2021P2,NA,NA,NA,NA,NA,NA,NA,None
AmpBias24-B_S44,AmpBias24-B,NA,NA,NA,NA,NA,2021P2,NA,NA,NA,NA,NA,NA,NA,None
AmpBias24-C_S45,AmpBias24-C,NA,NA,NA,NA,NA,2021P2,NA,NA,NA,NA,NA,NA,NA,None
AmpBias28-A_S46,AmpBias28-A,NA,NA,NA,NA,NA,2021P2,NA,NA,NA,NA,NA,NA,NA,None
AmpBias28-B_S47,AmpBias28-B,NA,NA,NA,NA,NA,2021P2,NA,NA,NA,NA,NA,NA,NA,None
AmpBias28-C_S48,AmpBias28-C,NA,NA,NA,NA,NA,2021P2,NA,NA,NA,NA,NA,NA,NA,None
AmpBias32-A_S37,AmpBias32-A,NA,NA,NA,NA,NA,2021P2,NA,NA,NA,NA,NA,NA,NA,None
AmpBias32-B_S38,AmpBias32-B,NA,NA,NA,NA,NA,2021P2,NA,NA,NA,NA,NA,NA,NA,None
AmpBias32-C_S39,AmpBias32-C,NA,NA,NA,NA,NA,2021P2,NA,NA,NA,NA,NA,NA,NA,None
Congrol-1_S37,NA,NA,NA,NA,NA,NA,2016,NA,NA,NA,NA,NA,NA,NA,None
Congrol-1-2_S44,NA,NA,NA,NA,NA,NA,2016,NA,NA,NA,NA,NA,NA,NA,None
Congrol-1-3_S52,NA,NA,NA,NA,NA,NA,2016,NA,NA,NA,NA,NA,NA,NA,None
control2_S35,control2,NA,NA,NA,NA,NA,2021P2,NA,NA,NA,NA,NA,NA,NA,None
Control-2_S38,NA,NA,NA,NA,NA,NA,2016,NA,NA,NA,NA,NA,NA,NA,None
control2_S73,control2,NA,NA,NA,NA,NA,2021P2,NA,NA,NA,NA,NA,NA,NA,None
Control-2-2_S45,NA,NA,NA,NA,NA,NA,2016,NA,NA,NA,NA,NA,NA,NA,None
Control-2-3_S53,NA,NA,NA,NA,NA,NA,2016,NA,NA,NA,NA,NA,NA,NA,None
control3_S36,control3,NA,NA,NA,NA,NA,2021P2,NA,NA,NA,NA,NA,NA,NA,None
Control-3_S39,NA,NA,NA,NA,NA,NA,2016,NA,NA,NA,NA,NA,NA,NA,None
control3_S74,control3,NA,NA,NA,NA,NA,2021P2,NA,NA,NA,NA,NA,NA,NA,None
Control-3-2_S46,NA,NA,NA,NA,NA,NA,2016,NA,NA,NA,NA,NA,NA,NA,None
Control-3-3_S54,NA,NA,NA,NA,NA,NA,2016,NA,NA,NA,NA,NA,NA,NA,None
ControlMix-1_S9,ControlMix-1,NA,NA,NA,NA,NA,2018,NA,NA,NA,NA,NA,NA,NA,None
ControlMix-2_S18,ControlMix-2,NA,NA,NA,NA,NA,2018,NA,NA,NA,NA,NA,NA,NA,None
ControlMix-3_S27,ControlMix-3,NA,NA,NA,NA,NA,2018,NA,NA,NA,NA,NA,NA,NA,None
ControlMix-4_S36,ControlMix-4,NA,NA,NA,NA,NA,2018,NA,NA,NA,NA,NA,NA,NA,None
ControlMix-5_S45,ControlMix-5,NA,NA,NA,NA,NA,2018,NA,NA,NA,NA,NA,NA,NA,None
PreyControlMix-2_S20,PreyControlMix-2,NA,NA,NA,NA,NA,2019,NA,NA,NA,NA,NA,NA,NA,None
PreyControlMix-2b_S65,PreyControlMix-2b,NA,NA,NA,NA,NA,2019,NA,NA,NA,NA,NA,NA,NA,None
PreyControlMix-3_S32,PreyControlMix-3,NA,NA,NA,NA,NA,2019,NA,NA,NA,NA,NA,NA,NA,None
PreyControlMix-3b_S75,PreyControlMix-3b,NA,NA,NA,NA,NA,2019,NA,NA,NA,NA,NA,NA,NA,None
